timestamp,seed,Player 1,Player 2,Player 3,Player 4,winner_model,Player 1 bluffs,Player 1 bluffs_caught,Player 2 bluffs,Player 2 bluffs_caught,Player 3 bluffs,Player 3 bluffs_caught,Player 4 bluffs,Player 4 bluffs_caught,Player 5 bluffs,Player 5 bluffs_caught,Player 6 bluffs,Player 6 bluffs_caught,Player 1 challenges_issued,Player 1 challenges_correct,Player 2 challenges_issued,Player 2 challenges_correct,Player 3 challenges_issued,Player 3 challenges_correct,Player 4 challenges_issued,Player 4 challenges_correct,Player 5 challenges_issued,Player 5 challenges_correct,Player 6 challenges_issued,Player 6 challenges_correct,Player 1 card_guesses_total,Player 1 card_guesses_correct,Player 2 card_guesses_total,Player 2 card_guesses_correct,Player 3 card_guesses_total,Player 3 card_guesses_correct,Player 4 card_guesses_total,Player 4 card_guesses_correct,Player 5 card_guesses_total,Player 5 card_guesses_correct,Player 6 card_guesses_total,Player 6 card_guesses_correct,Player 1 cards_guessed,Player 1 cards_guessed_correct,Player 2 cards_guessed,Player 2 cards_guessed_correct,Player 3 cards_guessed,Player 3 cards_guessed_correct,Player 4 cards_guessed,Player 4 cards_guessed_correct,Player 5 cards_guessed,Player 5 cards_guessed_correct,Player 6 cards_guessed,Player 6 cards_guessed_correct
,,,,,,,0,0,0,0,0,0,0,0,0,0,0,0,,,,,,,,,,,,,,,,,,,,,,,,,,,,,,,,,,,,
,,,,,,,0,0,0,0,0,0,0,0,0,0,0,0,,,,,,,,,,,,,,,,,,,,,,,,,,,,,,,,,,,,
,,,,,,,0,0,0,0,0,0,0,0,0,0,0,0,,,,,,,,,,,,,,,,,,,,,,,,,,,,,,,,,,,,
2026-05-16 22:18:20,2625633111,"anthropic/claude-opus-4.6-fast, depth=10, rules=No, strategy=No","openai/gpt-4o, depth=10, rules=Yes, strategy=No","x-ai/grok-4.3, depth=10, rules=No, strategy=Yes","google/gemini-2.0-flash-001, depth=10, rules=Yes, strategy=Yes",x-ai/grok-4.3,0,0,0,0,0,0,1,1,,,,,2,0,1,0,1,1,1,0,,,,,0,0,5,2,3,2,3,2,,,,,,,,,,,,,,,,
2026-05-16 22:20:39,2485707010,"anthropic/claude-opus-4.6-fast, depth=10, rules=Yes, strategy=No","openai/gpt-4o, depth=10, rules=No, strategy=Yes","x-ai/grok-4.3, depth=10, rules=Yes, strategy=Yes","google/gemini-2.0-flash-001, depth=10, rules=No, strategy=No",anthropic/claude-opus-4.6-fast,3,0,1,1,0,0,0,0,,,,,2,1,1,0,1,0,2,0,,,,,6,3,6,4,4,3,0,0,,,,,,,,,,,,,,,,
2026-05-16 22:26:30,2788506561,"anthropic/claude-opus-4.6-fast, depth=10, rules=No, strategy=Yes","openai/gpt-4o, depth=10, rules=Yes, strategy=Yes","x-ai/grok-4.3, depth=10, rules=No, strategy=No","google/gemini-2.0-flash-001, depth=10, rules=Yes, strategy=No",x-ai/grok-4.3,2,0,3,2,7,0,0,0,,,,,2,0,0,0,2,2,2,0,,,,,0,0,8,2,11,6,0,0,,,,,,,,,,,,,,,,
2026-05-16 22:29:00,3260290596,"anthropic/claude-opus-4.6-fast, depth=10, rules=Yes, strategy=Yes","openai/gpt-4o, depth=10, rules=No, strategy=No","x-ai/grok-4.3, depth=10, rules=Yes, strategy=No","google/gemini-2.0-flash-001, depth=10, rules=No, strategy=Yes",x-ai/grok-4.3,2,0,0,0,1,0,0,0,,,,,1,0,1,0,0,0,2,0,,,,,5,1,4,3,4,3,0,0,,,,,,,,,,,,,,,,
2026-05-16 22:31:06,1223849503,"openai/gpt-4o, depth=10, rules=No, strategy=No","x-ai/grok-4.3, depth=10, rules=Yes, strategy=No","google/gemini-2.0-flash-001, depth=10, rules=No, strategy=Yes","anthropic/claude-opus-4.6-fast, depth=10, rules=Yes, strategy=Yes",x-ai/grok-4.3,0,0,0,0,2,2,1,1,,,,,4,2,0,0,0,0,2,1,,,,,0,0,1,1,0,0,2,1,,,,,,,,,,,,,,,,
2026-05-16 22:33:59,354939876,"openai/gpt-4o, depth=10, rules=Yes, strategy=No","x-ai/grok-4.3, depth=10, rules=No, strategy=Yes","google/gemini-2.0-flash-001, depth=10, rules=Yes, strategy=Yes","anthropic/claude-opus-4.6-fast, depth=10, rules=No, strategy=No",anthropic/claude-opus-4.6-fast,0,0,2,1,1,1,1,0,,,,,0,0,2,1,1,0,1,1,,,,,6,4,4,1,0,0,5,3,,,,,,,,,,,,,,,,
2026-05-16 22:35:29,783810668,"openai/gpt-4o, depth=10, rules=No, strategy=Yes","x-ai/grok-4.3, depth=10, rules=Yes, strategy=Yes","google/gemini-2.0-flash-001, depth=10, rules=No, strategy=No","anthropic/claude-opus-4.6-fast, depth=10, rules=Yes, strategy=No",x-ai/grok-4.3,2,0,0,0,0,0,0,0,,,,,1,0,0,0,2,0,1,0,,,,,3,1,3,1,0,0,4,1,,,,,,,,,,,,,,,,
2026-05-16 22:37:48,192992941,"openai/gpt-4o, depth=10, rules=Yes, strategy=Yes","x-ai/grok-4.3, depth=10, rules=No, strategy=No","google/gemini-2.0-flash-001, depth=10, rules=Yes, strategy=No","anthropic/claude-opus-4.6-fast, depth=10, rules=No, strategy=Yes",x-ai/grok-4.3,1,0,1,0,0,0,4,1,,,,,0,0,1,1,2,0,0,0,,,,,4,0,4,0,0,0,5,2,,,,,,,,,,,,,,,,
2026-05-16 22:47:01,965460643,"x-ai/grok-4.3, depth=10, rules=No, strategy=No","google/gemini-2.0-flash-001, depth=10, rules=Yes, strategy=No","anthropic/claude-opus-4.6-fast, depth=10, rules=No, strategy=Yes","openai/gpt-4o, depth=10, rules=Yes, strategy=Yes",openai/gpt-4o,17,2,0,0,1,0,14,0,,,,,0,0,2,0,3,1,2,1,,,,,13,2,0,0,3,0,11,3,,,,,,,,,,,,,,,,
2026-05-16 22:49:59,1994060811,"x-ai/grok-4.3, depth=10, rules=Yes, strategy=No","google/gemini-2.0-flash-001, depth=10, rules=No, strategy=Yes","anthropic/claude-opus-4.6-fast, depth=10, rules=Yes, strategy=Yes","openai/gpt-4o, depth=10, rules=No, strategy=No",anthropic/claude-opus-4.6-fast,0,0,1,0,3,0,1,1,,,,,1,1,2,0,0,0,1,0,,,,,5,3,0,0,4,3,4,2,,,,,,,,,,,,,,,,
2026-05-16 22:52:45,1837016955,"x-ai/grok-4.3, depth=10, rules=No, strategy=Yes","google/gemini-2.0-flash-001, depth=10, rules=Yes, strategy=Yes","anthropic/claude-opus-4.6-fast, depth=10, rules=No, strategy=No","openai/gpt-4o, depth=10, rules=Yes, strategy=No",x-ai/grok-4.3,0,0,1,1,0,0,0,0,,,,,0,0,1,0,1,1,0,0,,,,,8,4,0,0,7,3,10,6,,,,,,,,,,,,,,,,
2026-05-16 22:54:23,1523901483,"x-ai/grok-4.3, depth=10, rules=Yes, strategy=Yes","google/gemini-2.0-flash-001, depth=10, rules=No, strategy=No","anthropic/claude-opus-4.6-fast, depth=10, rules=Yes, strategy=No","openai/gpt-4o, depth=10, rules=No, strategy=Yes",openai/gpt-4o,1,1,0,0,2,0,0,0,,,,,0,0,3,1,1,0,0,0,,,,,0,0,4,3,4,0,4,1,,,,,,,,,,,,,,,,
2026-05-16 22:57:03,2064593633,"google/gemini-2.0-flash-001, depth=10, rules=No, strategy=No","anthropic/claude-opus-4.6-fast, depth=10, rules=Yes, strategy=No","openai/gpt-4o, depth=10, rules=No, strategy=Yes","x-ai/grok-4.3, depth=10, rules=Yes, strategy=Yes",x-ai/grok-4.3,1,0,1,0,4,0,3,1,,,,,2,0,2,1,1,0,0,0,,,,,0,0,4,3,6,1,6,2,,,,,,,,,,,,,,,,
2026-05-16 22:59:50,3419729322,"google/gemini-2.0-flash-001, depth=10, rules=Yes, strategy=No","anthropic/claude-opus-4.6-fast, depth=10, rules=No, strategy=Yes","openai/gpt-4o, depth=10, rules=Yes, strategy=Yes","x-ai/grok-4.3, depth=10, rules=No, strategy=No",anthropic/claude-opus-4.6-fast,0,0,1,0,0,0,0,0,,,,,2,0,0,0,0,0,0,0,,,,,0,0,6,5,7,5,7,4,,,,,,,,,,,,,,,,
2026-05-16 23:02:29,2176736909,"google/gemini-2.0-flash-001, depth=10, rules=No, strategy=Yes","anthropic/claude-opus-4.6-fast, depth=10, rules=Yes, strategy=Yes","openai/gpt-4o, depth=10, rules=No, strategy=No","x-ai/grok-4.3, depth=10, rules=Yes, strategy=No",openai/gpt-4o,0,0,2,2,0,0,1,1,,,,,4,2,0,0,1,1,0,0,,,,,4,2,0,0,6,3,5,2,,,,,,,,,,,,,,,,
2026-05-16 23:04:18,94642831,"google/gemini-2.0-flash-001, depth=10, rules=Yes, strategy=Yes","anthropic/claude-opus-4.6-fast, depth=10, rules=No, strategy=No","openai/gpt-4o, depth=10, rules=Yes, strategy=No","x-ai/grok-4.3, depth=10, rules=No, strategy=Yes",anthropic/claude-opus-4.6-fast,1,0,1,0,0,0,1,1,,,,,3,1,0,0,1,0,0,0,,,,,5,3,6,3,6,3,5,3,,,,,,,,,,,,,,,,
2026-05-16 23:05:55,3419729322,"anthropic/claude-opus-4.6-fast, depth=10, rules=No, strategy=No","openai/gpt-4o, depth=10, rules=Yes, strategy=No","x-ai/grok-4.3, depth=10, rules=No, strategy=Yes","google/gemini-2.0-flash-001, depth=10, rules=Yes, strategy=Yes",openai/gpt-4o,1,1,2,0,1,1,0,0,,,,,0,0,1,1,1,0,3,1,,,,,4,2,3,2,3,1,0,0,,,,,,,,,,,,,,,,
2026-05-16 23:09:04,1523901483,"anthropic/claude-opus-4.6-fast, depth=10, rules=Yes, strategy=No","openai/gpt-4o, depth=10, rules=No, strategy=Yes","x-ai/grok-4.3, depth=10, rules=Yes, strategy=Yes","google/gemini-2.0-flash-001, depth=10, rules=No, strategy=No",google/gemini-2.0-flash-001,1,0,1,1,0,0,1,0,,,,,0,0,1,0,1,0,1,1,,,,,4,2,0,0,8,4,9,5,,,,,,,,,,,,,,,,
2026-05-16 23:11:44,3260290596,"anthropic/claude-opus-4.6-fast, depth=10, rules=No, strategy=Yes","openai/gpt-4o, depth=10, rules=Yes, strategy=Yes","x-ai/grok-4.3, depth=10, rules=No, strategy=No","google/gemini-2.0-flash-001, depth=10, rules=Yes, strategy=No",openai/gpt-4o,1,1,0,0,0,0,0,0,,,,,1,0,0,0,0,0,2,1,,,,,0,0,5,3,7,6,4,2,,,,,,,,,,,,,,,,
2026-05-16 23:13:21,2064593633,"anthropic/claude-opus-4.6-fast, depth=10, rules=Yes, strategy=Yes","openai/gpt-4o, depth=10, rules=No, strategy=No","x-ai/grok-4.3, depth=10, rules=Yes, strategy=No","google/gemini-2.0-flash-001, depth=10, rules=No, strategy=Yes",anthropic/claude-opus-4.6-fast,0,0,0,0,0,0,2,0,,,,,0,0,2,0,0,0,2,0,,,,,4,2,0,0,4,2,4,1,,,,,,,,,,,,,,,,
2026-05-16 23:18:07,1994060811,"openai/gpt-4o, depth=10, rules=No, strategy=No","x-ai/grok-4.3, depth=10, rules=Yes, strategy=No","google/gemini-2.0-flash-001, depth=10, rules=No, strategy=Yes","anthropic/claude-opus-4.6-fast, depth=10, rules=Yes, strategy=Yes",anthropic/claude-opus-4.6-fast,2,1,0,0,0,0,2,1,,,,,0,0,1,1,2,0,1,1,,,,,4,4,6,6,0,0,8,7,,,,,,,,,,,,,,,,
2026-05-16 23:20:25,192992941,"openai/gpt-4o, depth=10, rules=Yes, strategy=No","x-ai/grok-4.3, depth=10, rules=No, strategy=Yes","google/gemini-2.0-flash-001, depth=10, rules=Yes, strategy=Yes","anthropic/claude-opus-4.6-fast, depth=10, rules=No, strategy=No",openai/gpt-4o,1,0,0,0,1,0,1,1,,,,,1,0,1,0,3,1,0,0,,,,,4,1,5,0,0,0,4,0,,,,,,,,,,,,,,,,
2026-05-16 23:23:03,94642831,"openai/gpt-4o, depth=10, rules=No, strategy=Yes","x-ai/grok-4.3, depth=10, rules=Yes, strategy=Yes","google/gemini-2.0-flash-001, depth=10, rules=No, strategy=No","anthropic/claude-opus-4.6-fast, depth=10, rules=Yes, strategy=No",anthropic/claude-opus-4.6-fast,2,1,0,0,0,0,3,0,,,,,0,0,1,0,3,1,0,0,,,,,4,3,5,1,0,0,4,4,,,,,,,,,,,,,,,,
2026-05-16 23:26:36,1837016955,"openai/gpt-4o, depth=10, rules=Yes, strategy=Yes","x-ai/grok-4.3, depth=10, rules=No, strategy=No","google/gemini-2.0-flash-001, depth=10, rules=Yes, strategy=No","anthropic/claude-opus-4.6-fast, depth=10, rules=No, strategy=Yes",x-ai/grok-4.3,3,0,0,0,0,0,3,2,,,,,0,0,1,1,2,1,0,0,,,,,7,4,6,1,5,1,5,3,,,,,,,,,,,,,,,,
2026-05-16 23:36:59,354939876,"x-ai/grok-4.3, depth=10, rules=No, strategy=No","google/gemini-2.0-flash-001, depth=10, rules=Yes, strategy=No","anthropic/claude-opus-4.6-fast, depth=10, rules=No, strategy=Yes","openai/gpt-4o, depth=10, rules=Yes, strategy=Yes",openai/gpt-4o,11,0,2,1,3,2,1,0,,,,,2,1,3,2,0,0,0,0,,,,,18,16,4,2,0,0,16,4,,,,,,,,,,,,,,,,
2026-05-16 23:39:46,2485707010,"x-ai/grok-4.3, depth=10, rules=Yes, strategy=No","google/gemini-2.0-flash-001, depth=10, rules=No, strategy=Yes","anthropic/claude-opus-4.6-fast, depth=10, rules=Yes, strategy=Yes","openai/gpt-4o, depth=10, rules=No, strategy=No",x-ai/grok-4.3,0,0,4,0,2,2,0,0,,,,,1,1,3,1,0,0,1,0,,,,,3,0,4,1,4,2,4,1,,,,,,,,,,,,,,,,
2026-05-16 23:41:45,783810668,"x-ai/grok-4.3, depth=10, rules=No, strategy=Yes","google/gemini-2.0-flash-001, depth=10, rules=Yes, strategy=Yes","anthropic/claude-opus-4.6-fast, depth=10, rules=No, strategy=No","openai/gpt-4o, depth=10, rules=Yes, strategy=No",openai/gpt-4o,3,2,0,0,1,1,0,0,,,,,0,0,4,3,0,0,0,0,,,,,5,4,6,3,5,3,6,4,,,,,,,,,,,,,,,,
2026-05-16 23:43:14,965460643,"x-ai/grok-4.3, depth=10, rules=Yes, strategy=Yes","google/gemini-2.0-flash-001, depth=10, rules=No, strategy=No","anthropic/claude-opus-4.6-fast, depth=10, rules=Yes, strategy=No","openai/gpt-4o, depth=10, rules=No, strategy=Yes",anthropic/claude-opus-4.6-fast,1,1,0,0,2,0,2,1,,,,,0,0,3,2,1,0,1,0,,,,,0,0,3,0,2,0,0,0,,,,,,,,,,,,,,,,
2026-05-16 23:44:41,2788506561,"google/gemini-2.0-flash-001, depth=10, rules=No, strategy=No","anthropic/claude-opus-4.6-fast, depth=10, rules=Yes, strategy=No","openai/gpt-4o, depth=10, rules=No, strategy=Yes","x-ai/grok-4.3, depth=10, rules=Yes, strategy=Yes",x-ai/grok-4.3,0,0,1,1,2,0,0,0,,,,,3,1,1,0,1,0,0,0,,,,,4,1,0,0,3,1,3,1,,,,,,,,,,,,,,,,
2026-05-16 23:46:14,2176736909,"google/gemini-2.0-flash-001, depth=10, rules=Yes, strategy=No","anthropic/claude-opus-4.6-fast, depth=10, rules=No, strategy=Yes","openai/gpt-4o, depth=10, rules=Yes, strategy=Yes","x-ai/grok-4.3, depth=10, rules=No, strategy=No",anthropic/claude-opus-4.6-fast,0,0,2,1,1,1,1,1,,,,,5,3,0,0,1,0,1,0,,,,,3,1,3,0,0,0,4,1,,,,,,,,,,,,,,,,
2026-05-16 23:49:05,1223849503,"google/gemini-2.0-flash-001, depth=10, rules=No, strategy=Yes","anthropic/claude-opus-4.6-fast, depth=10, rules=Yes, strategy=Yes","openai/gpt-4o, depth=10, rules=No, strategy=No","x-ai/grok-4.3, depth=10, rules=Yes, strategy=No",x-ai/grok-4.3,1,1,3,2,0,0,1,1,,,,,1,0,1,1,2,1,2,2,,,,,0,0,6,2,7,5,5,3,,,,,,,,,,,,,,,,
2026-05-16 23:54:40,2625633111,"google/gemini-2.0-flash-001, depth=10, rules=Yes, strategy=Yes","anthropic/claude-opus-4.6-fast, depth=10, rules=No, strategy=No","openai/gpt-4o, depth=10, rules=Yes, strategy=No","x-ai/grok-4.3, depth=10, rules=No, strategy=Yes",anthropic/claude-opus-4.6-fast,0,0,1,0,0,0,2,1,,,,,2,0,1,1,1,0,0,0,,,,,0,0,13,10,12,6,13,11,,,,,,,,,,,,,,,,
2026-05-16 23:57:19,192992941,"anthropic/claude-opus-4.6-fast, depth=10, rules=No, strategy=No","openai/gpt-4o, depth=10, rules=Yes, strategy=No","x-ai/grok-4.3, depth=10, rules=No, strategy=Yes","google/gemini-2.0-flash-001, depth=10, rules=Yes, strategy=Yes",x-ai/grok-4.3,1,0,0,0,3,1,1,0,,,,,3,1,0,0,0,0,2,0,,,,,5,1,4,1,6,2,0,0,,,,,,,,,,,,,,,,
2026-05-16 23:59:24,3419729322,"anthropic/claude-opus-4.6-fast, depth=10, rules=Yes, strategy=No","openai/gpt-4o, depth=10, rules=No, strategy=Yes","x-ai/grok-4.3, depth=10, rules=Yes, strategy=Yes","google/gemini-2.0-flash-001, depth=10, rules=No, strategy=No",anthropic/claude-opus-4.6-fast,2,1,2,0,1,1,0,0,,,,,1,1,1,0,0,0,3,1,,,,,5,2,3,2,3,0,0,0,,,,,,,,,,,,,,,,
2026-05-17 00:02:56,1994060811,"anthropic/claude-opus-4.6-fast, depth=10, rules=No, strategy=Yes","openai/gpt-4o, depth=10, rules=Yes, strategy=Yes","x-ai/grok-4.3, depth=10, rules=No, strategy=No","google/gemini-2.0-flash-001, depth=10, rules=Yes, strategy=No",x-ai/grok-4.3,1,0,0,0,1,1,0,0,,,,,3,1,1,0,0,0,2,0,,,,,4,4,5,2,6,4,0,0,,,,,,,,,,,,,,,,
2026-05-17 00:06:42,2485707010,"anthropic/claude-opus-4.6-fast, depth=10, rules=Yes, strategy=Yes","openai/gpt-4o, depth=10, rules=No, strategy=No","x-ai/grok-4.3, depth=10, rules=Yes, strategy=No","google/gemini-2.0-flash-001, depth=10, rules=No, strategy=Yes",x-ai/grok-4.3,2,1,1,0,0,0,2,0,,,,,0,0,3,1,0,0,1,0,,,,,4,3,0,0,5,3,7,3,,,,,,,,,,,,,,,,
2026-05-17 00:08:19,1837016955,"openai/gpt-4o, depth=10, rules=No, strategy=No","x-ai/grok-4.3, depth=10, rules=Yes, strategy=No","google/gemini-2.0-flash-001, depth=10, rules=No, strategy=Yes","anthropic/claude-opus-4.6-fast, depth=10, rules=Yes, strategy=Yes",x-ai/grok-4.3,0,0,1,0,1,0,2,2,,,,,2,0,0,0,4,2,0,0,,,,,0,0,2,0,3,0,3,0,,,,,,,,,,,,,,,,
2026-05-17 00:12:36,1523901483,"openai/gpt-4o, depth=10, rules=Yes, strategy=No","x-ai/grok-4.3, depth=10, rules=No, strategy=Yes","google/gemini-2.0-flash-001, depth=10, rules=Yes, strategy=Yes","anthropic/claude-opus-4.6-fast, depth=10, rules=No, strategy=No",openai/gpt-4o,0,0,3,0,2,0,1,0,,,,,0,0,0,0,2,0,2,0,,,,,5,3,7,5,0,0,4,2,,,,,,,,,,,,,,,,
2026-05-17 00:15:11,1223849503,"openai/gpt-4o, depth=10, rules=No, strategy=Yes","x-ai/grok-4.3, depth=10, rules=Yes, strategy=Yes","google/gemini-2.0-flash-001, depth=10, rules=No, strategy=No","anthropic/claude-opus-4.6-fast, depth=10, rules=Yes, strategy=No",x-ai/grok-4.3,0,0,0,0,0,0,1,0,,,,,0,0,0,0,2,0,1,0,,,,,6,5,5,2,0,0,4,3,,,,,,,,,,,,,,,,
2026-05-17 00:20:33,354939876,"openai/gpt-4o, depth=10, rules=Yes, strategy=Yes","x-ai/grok-4.3, depth=10, rules=No, strategy=No","google/gemini-2.0-flash-001, depth=10, rules=Yes, strategy=No","anthropic/claude-opus-4.6-fast, depth=10, rules=No, strategy=Yes",anthropic/claude-opus-4.6-fast,1,0,0,0,0,0,3,0,,,,,1,0,0,0,1,0,0,0,,,,,9,5,12,7,6,4,12,8,,,,,,,,,,,,,,,,
2026-05-17 00:25:04,2788506561,"x-ai/grok-4.3, depth=10, rules=No, strategy=No","google/gemini-2.0-flash-001, depth=10, rules=Yes, strategy=No","anthropic/claude-opus-4.6-fast, depth=10, rules=No, strategy=Yes","openai/gpt-4o, depth=10, rules=Yes, strategy=Yes",x-ai/grok-4.3,1,0,1,0,1,1,3,0,,,,,0,0,3,1,1,0,1,0,,,,,5,0,5,3,5,2,7,1,,,,,,,,,,,,,,,,
2026-05-17 00:27:26,2176736909,"x-ai/grok-4.3, depth=10, rules=Yes, strategy=No","google/gemini-2.0-flash-001, depth=10, rules=No, strategy=Yes","anthropic/claude-opus-4.6-fast, depth=10, rules=Yes, strategy=Yes","openai/gpt-4o, depth=10, rules=No, strategy=No",x-ai/grok-4.3,0,0,1,1,4,2,0,0,,,,,1,1,1,0,0,0,4,2,,,,,3,0,0,0,4,2,3,1,,,,,,,,,,,,,,,,
2026-05-17 00:31:12,2625633111,"x-ai/grok-4.3, depth=10, rules=No, strategy=Yes","google/gemini-2.0-flash-001, depth=10, rules=Yes, strategy=Yes","anthropic/claude-opus-4.6-fast, depth=10, rules=No, strategy=No","openai/gpt-4o, depth=10, rules=Yes, strategy=No",openai/gpt-4o,0,0,1,1,0,0,0,0,,,,,0,0,1,0,2,1,0,0,,,,,7,1,0,0,4,2,6,4,,,,,,,,,,,,,,,,
2026-05-17 00:32:09,783810668,"x-ai/grok-4.3, depth=10, rules=Yes, strategy=Yes","google/gemini-2.0-flash-001, depth=10, rules=No, strategy=No","anthropic/claude-opus-4.6-fast, depth=10, rules=Yes, strategy=No","openai/gpt-4o, depth=10, rules=No, strategy=Yes",anthropic/claude-opus-4.6-fast,2,2,0,0,0,0,1,1,,,,,0,0,3,1,1,1,2,1,,,,,0,0,0,0,2,2,2,1,,,,,,,,,,,,,,,,
2026-05-17 00:34:11,965460643,"google/gemini-2.0-flash-001, depth=10, rules=No, strategy=No","anthropic/claude-opus-4.6-fast, depth=10, rules=Yes, strategy=No","openai/gpt-4o, depth=10, rules=No, strategy=Yes","x-ai/grok-4.3, depth=10, rules=Yes, strategy=Yes",x-ai/grok-4.3,0,0,1,0,2,1,1,1,,,,,4,2,2,0,1,0,0,0,,,,,4,0,4,1,4,1,5,2,,,,,,,,,,,,,,,,
2026-05-17 00:37:31,94642831,"google/gemini-2.0-flash-001, depth=10, rules=Yes, strategy=No","anthropic/claude-opus-4.6-fast, depth=10, rules=No, strategy=Yes","openai/gpt-4o, depth=10, rules=Yes, strategy=Yes","x-ai/grok-4.3, depth=10, rules=No, strategy=No",openai/gpt-4o,3,0,1,1,2,0,2,0,,,,,2,0,1,0,0,0,2,1,,,,,9,3,0,0,7,3,8,5,,,,,,,,,,,,,,,,
2026-05-17 00:39:19,2064593633,"google/gemini-2.0-flash-001, depth=10, rules=No, strategy=Yes","anthropic/claude-opus-4.6-fast, depth=10, rules=Yes, strategy=Yes","openai/gpt-4o, depth=10, rules=No, strategy=No","x-ai/grok-4.3, depth=10, rules=Yes, strategy=No",x-ai/grok-4.3,0,0,3,1,2,0,0,0,,,,,3,1,1,0,2,0,0,0,,,,,0,0,4,2,3,1,3,0,,,,,,,,,,,,,,,,
2026-05-17 00:41:37,3260290596,"google/gemini-2.0-flash-001, depth=10, rules=Yes, strategy=Yes","anthropic/claude-opus-4.6-fast, depth=10, rules=No, strategy=No","openai/gpt-4o, depth=10, rules=Yes, strategy=No","x-ai/grok-4.3, depth=10, rules=No, strategy=Yes",google/gemini-2.0-flash-001,0,0,1,1,0,0,2,2,,,,,3,3,0,0,0,0,0,0,,,,,9,4,5,3,12,6,5,2,,,,,,,,,,,,,,,,
2026-05-17 00:44:54,2788506561,"anthropic/claude-opus-4.6-fast, depth=10, rules=No, strategy=No","openai/gpt-4o, depth=10, rules=Yes, strategy=No","x-ai/grok-4.3, depth=10, rules=No, strategy=Yes","google/gemini-2.0-flash-001, depth=10, rules=Yes, strategy=Yes",x-ai/grok-4.3,2,1,0,0,1,0,2,0,,,,,1,0,0,0,0,0,2,1,,,,,0,0,8,7,7,4,4,2,,,,,,,,,,,,,,,,
2026-05-17 00:46:55,783810668,"anthropic/claude-opus-4.6-fast, depth=10, rules=Yes, strategy=No","openai/gpt-4o, depth=10, rules=No, strategy=Yes","x-ai/grok-4.3, depth=10, rules=Yes, strategy=Yes","google/gemini-2.0-flash-001, depth=10, rules=No, strategy=No",x-ai/grok-4.3,1,1,0,0,2,1,0,0,,,,,0,0,3,1,0,0,3,1,,,,,3,3,3,2,4,2,0,0,,,,,,,,,,,,,,,,
2026-05-17 00:50:43,1223849503,"anthropic/claude-opus-4.6-fast, depth=10, rules=No, strategy=Yes","openai/gpt-4o, depth=10, rules=Yes, strategy=Yes","x-ai/grok-4.3, depth=10, rules=No, strategy=No","google/gemini-2.0-flash-001, depth=10, rules=Yes, strategy=No",anthropic/claude-opus-4.6-fast,1,0,1,0,0,0,0,0,,,,,1,0,2,0,1,0,1,0,,,,,13,8,12,6,9,4,6,4,,,,,,,,,,,,,,,,
2026-05-17 00:54:15,3260290596,"anthropic/claude-opus-4.6-fast, depth=10, rules=Yes, strategy=Yes","openai/gpt-4o, depth=10, rules=No, strategy=No","x-ai/grok-4.3, depth=10, rules=Yes, strategy=No","google/gemini-2.0-flash-001, depth=10, rules=No, strategy=Yes",openai/gpt-4o,0,0,1,0,1,1,2,1,,,,,2,1,2,1,0,0,1,0,,,,,4,0,7,3,6,6,0,0,,,,,,,,,,,,,,,,
2026-05-17 00:56:12,94642831,"openai/gpt-4o, depth=10, rules=No, strategy=No","x-ai/grok-4.3, depth=10, rules=Yes, strategy=No","google/gemini-2.0-flash-001, depth=10, rules=No, strategy=Yes","anthropic/claude-opus-4.6-fast, depth=10, rules=Yes, strategy=Yes",x-ai/grok-4.3,0,0,0,0,2,2,3,1,,,,,4,2,1,1,0,0,0,0,,,,,0,0,3,0,0,0,4,4,,,,,,,,,,,,,,,,
2026-05-17 00:58:50,2176736909,"openai/gpt-4o, depth=10, rules=Yes, strategy=No","x-ai/grok-4.3, depth=10, rules=No, strategy=Yes","google/gemini-2.0-flash-001, depth=10, rules=Yes, strategy=Yes","anthropic/claude-opus-4.6-fast, depth=10, rules=No, strategy=No",x-ai/grok-4.3,2,2,0,0,1,0,1,0,,,,,0,0,1,1,2,0,2,1,,,,,0,0,2,1,0,0,2,2,,,,,,,,,,,,,,,,
2026-05-17 01:00:46,965460643,"openai/gpt-4o, depth=10, rules=No, strategy=Yes","x-ai/grok-4.3, depth=10, rules=Yes, strategy=Yes","google/gemini-2.0-flash-001, depth=10, rules=No, strategy=No","anthropic/claude-opus-4.6-fast, depth=10, rules=Yes, strategy=No",openai/gpt-4o,4,1,3,2,0,0,1,1,,,,,3,3,0,0,3,1,0,0,,,,,6,2,3,1,0,0,4,1,,,,,,,,,,,,,,,,
2026-05-17 01:04:00,2064593633,"openai/gpt-4o, depth=10, rules=Yes, strategy=Yes","x-ai/grok-4.3, depth=10, rules=No, strategy=No","google/gemini-2.0-flash-001, depth=10, rules=Yes, strategy=No","anthropic/claude-opus-4.6-fast, depth=10, rules=No, strategy=Yes",x-ai/grok-4.3,3,2,0,0,2,1,1,1,,,,,0,0,1,1,3,2,1,1,,,,,0,0,4,3,5,3,3,3,,,,,,,,,,,,,,,,
2026-05-17 01:07:00,1994060811,"x-ai/grok-4.3, depth=10, rules=No, strategy=No","google/gemini-2.0-flash-001, depth=10, rules=Yes, strategy=No","anthropic/claude-opus-4.6-fast, depth=10, rules=No, strategy=Yes","openai/gpt-4o, depth=10, rules=Yes, strategy=Yes",openai/gpt-4o,1,1,0,0,2,1,3,0,,,,,0,0,2,0,1,0,2,2,,,,,4,2,0,0,5,3,6,4,,,,,,,,,,,,,,,,
2026-05-17 01:09:39,2625633111,"x-ai/grok-4.3, depth=10, rules=Yes, strategy=No","google/gemini-2.0-flash-001, depth=10, rules=No, strategy=Yes","anthropic/claude-opus-4.6-fast, depth=10, rules=Yes, strategy=Yes","openai/gpt-4o, depth=10, rules=No, strategy=No",google/gemini-2.0-flash-001,0,0,1,0,2,1,1,1,,,,,1,0,3,2,0,0,0,0,,,,,3,2,4,1,3,0,0,0,,,,,,,,,,,,,,,,
2026-05-17 01:11:00,354939876,"x-ai/grok-4.3, depth=10, rules=No, strategy=Yes","google/gemini-2.0-flash-001, depth=10, rules=Yes, strategy=Yes","anthropic/claude-opus-4.6-fast, depth=10, rules=No, strategy=No","openai/gpt-4o, depth=10, rules=Yes, strategy=No",google/gemini-2.0-flash-001,2,2,1,0,1,1,0,0,,,,,0,0,4,3,0,0,1,0,,,,,0,0,6,2,4,2,6,2,,,,,,,,,,,,,,,,
2026-05-17 01:12:40,192992941,"x-ai/grok-4.3, depth=10, rules=Yes, strategy=Yes","google/gemini-2.0-flash-001, depth=10, rules=No, strategy=No","anthropic/claude-opus-4.6-fast, depth=10, rules=Yes, strategy=No","openai/gpt-4o, depth=10, rules=No, strategy=Yes",openai/gpt-4o,2,2,0,0,2,2,1,1,,,,,0,0,7,5,0,0,0,0,,,,,3,1,3,0,3,2,3,2,,,,,,,,,,,,,,,,
2026-05-17 01:15:34,1837016955,"google/gemini-2.0-flash-001, depth=10, rules=No, strategy=No","anthropic/claude-opus-4.6-fast, depth=10, rules=Yes, strategy=No","openai/gpt-4o, depth=10, rules=No, strategy=Yes","x-ai/grok-4.3, depth=10, rules=Yes, strategy=Yes",anthropic/claude-opus-4.6-fast,0,0,1,0,1,1,4,1,,,,,2,0,1,1,2,1,1,0,,,,,0,0,4,1,4,2,5,2,,,,,,,,,,,,,,,,
2026-05-17 01:18:01,1523901483,"google/gemini-2.0-flash-001, depth=10, rules=Yes, strategy=No","anthropic/claude-opus-4.6-fast, depth=10, rules=No, strategy=Yes","openai/gpt-4o, depth=10, rules=Yes, strategy=Yes","x-ai/grok-4.3, depth=10, rules=No, strategy=No",anthropic/claude-opus-4.6-fast,0,0,4,0,2,1,0,0,,,,,2,0,1,1,1,0,0,0,,,,,0,0,6,1,6,3,4,1,,,,,,,,,,,,,,,,
2026-05-17 01:20:25,3419729322,"google/gemini-2.0-flash-001, depth=10, rules=No, strategy=Yes","anthropic/claude-opus-4.6-fast, depth=10, rules=Yes, strategy=Yes","openai/gpt-4o, depth=10, rules=No, strategy=No","x-ai/grok-4.3, depth=10, rules=Yes, strategy=No",anthropic/claude-opus-4.6-fast,0,0,2,0,0,0,0,0,,,,,2,0,0,0,1,0,0,0,,,,,0,0,5,0,7,5,6,4,,,,,,,,,,,,,,,,
2026-05-17 01:23:24,2485707010,"google/gemini-2.0-flash-001, depth=10, rules=Yes, strategy=Yes","anthropic/claude-opus-4.6-fast, depth=10, rules=No, strategy=No","openai/gpt-4o, depth=10, rules=Yes, strategy=No","x-ai/grok-4.3, depth=10, rules=No, strategy=Yes",openai/gpt-4o,0,0,1,1,2,0,4,1,,,,,3,1,0,0,1,1,0,0,,,,,0,0,4,0,5,2,7,2,,,,,,,,,,,,,,,,
2026-05-17 01:25:11,3260290596,"anthropic/claude-opus-4.6-fast, depth=10, rules=No, strategy=No","openai/gpt-4o, depth=10, rules=Yes, strategy=No","x-ai/grok-4.3, depth=10, rules=No, strategy=Yes","google/gemini-2.0-flash-001, depth=10, rules=Yes, strategy=Yes",openai/gpt-4o,0,0,0,0,1,1,0,0,,,,,2,0,0,0,0,0,3,1,,,,,0,0,2,0,3,1,0,0,,,,,,,,,,,,,,,,
2026-05-17 01:27:37,3419729322,"anthropic/claude-opus-4.6-fast, depth=10, rules=Yes, strategy=No","openai/gpt-4o, depth=10, rules=No, strategy=Yes","x-ai/grok-4.3, depth=10, rules=Yes, strategy=Yes","google/gemini-2.0-flash-001, depth=10, rules=No, strategy=No",x-ai/grok-4.3,1,1,2,0,0,0,0,0,,,,,1,0,0,0,0,0,3,1,,,,,0,0,4,3,4,0,0,0,,,,,,,,,,,,,,,,
2026-05-17 01:49:07,1523901483,"anthropic/claude-opus-4.6-fast, depth=10, rules=No, strategy=Yes","openai/gpt-4o, depth=10, rules=Yes, strategy=Yes","x-ai/grok-4.3, depth=10, rules=No, strategy=No","google/gemini-2.0-flash-001, depth=10, rules=Yes, strategy=No",anthropic/claude-opus-4.6-fast,2,0,2,1,1,0,0,0,,,,,2,1,0,0,0,0,2,0,,,,,8,7,4,3,8,6,0,0,,,,,,,,,,,,,,,,
2026-05-17 01:55:15,2625633111,"anthropic/claude-opus-4.6-fast, depth=10, rules=Yes, strategy=Yes","openai/gpt-4o, depth=10, rules=No, strategy=No","x-ai/grok-4.3, depth=10, rules=Yes, strategy=No","google/gemini-2.0-flash-001, depth=10, rules=No, strategy=Yes",x-ai/grok-4.3,3,2,0,0,0,0,0,0,,,,,0,0,2,0,0,0,3,2,,,,,0,0,0,0,1,1,2,0,,,,,,,,,,,,,,,,
2026-05-17 01:57:47,2176736909,"openai/gpt-4o, depth=10, rules=No, strategy=No","x-ai/grok-4.3, depth=10, rules=Yes, strategy=No","google/gemini-2.0-flash-001, depth=10, rules=No, strategy=Yes","anthropic/claude-opus-4.6-fast, depth=10, rules=Yes, strategy=Yes",anthropic/claude-opus-4.6-fast,1,1,0,0,4,1,0,0,,,,,1,0,0,0,2,1,1,1,,,,,0,0,4,1,4,1,4,2,,,,,,,,,,,,,,,,
2026-05-17 02:04:13,2064593633,"openai/gpt-4o, depth=10, rules=Yes, strategy=No","x-ai/grok-4.3, depth=10, rules=No, strategy=Yes","google/gemini-2.0-flash-001, depth=10, rules=Yes, strategy=Yes","anthropic/claude-opus-4.6-fast, depth=10, rules=No, strategy=No",x-ai/grok-4.3,2,1,1,0,0,0,2,1,,,,,0,0,2,1,3,1,1,0,,,,,8,7,8,6,0,0,8,6,,,,,,,,,,,,,,,,
2026-05-17 02:06:43,2788506561,"openai/gpt-4o, depth=10, rules=No, strategy=Yes","x-ai/grok-4.3, depth=10, rules=Yes, strategy=Yes","google/gemini-2.0-flash-001, depth=10, rules=No, strategy=No","anthropic/claude-opus-4.6-fast, depth=10, rules=Yes, strategy=No",x-ai/grok-4.3,0,0,2,0,0,0,1,1,,,,,1,1,0,0,2,0,1,0,,,,,3,2,3,2,0,0,0,0,,,,,,,,,,,,,,,,
2026-05-17 02:08:59,2485707010,"openai/gpt-4o, depth=10, rules=Yes, strategy=Yes","x-ai/grok-4.3, depth=10, rules=No, strategy=No","google/gemini-2.0-flash-001, depth=10, rules=Yes, strategy=No","anthropic/claude-opus-4.6-fast, depth=10, rules=No, strategy=Yes",google/gemini-2.0-flash-001,3,1,1,1,1,0,1,1,,,,,0,0,2,1,3,2,0,0,,,,,5,1,5,1,7,2,4,1,,,,,,,,,,,,,,,,
2026-05-17 02:11:24,1223849503,"x-ai/grok-4.3, depth=10, rules=No, strategy=No","google/gemini-2.0-flash-001, depth=10, rules=Yes, strategy=No","anthropic/claude-opus-4.6-fast, depth=10, rules=No, strategy=Yes","openai/gpt-4o, depth=10, rules=Yes, strategy=Yes",anthropic/claude-opus-4.6-fast,0,0,0,0,4,1,0,0,,,,,2,0,2,1,0,0,0,0,,,,,4,3,5,2,8,7,6,2,,,,,,,,,,,,,,,,
2026-05-17 02:14:38,354939876,"x-ai/grok-4.3, depth=10, rules=Yes, strategy=No","google/gemini-2.0-flash-001, depth=10, rules=No, strategy=Yes","anthropic/claude-opus-4.6-fast, depth=10, rules=Yes, strategy=Yes","openai/gpt-4o, depth=10, rules=No, strategy=No",openai/gpt-4o,1,1,1,0,3,2,1,0,,,,,0,0,3,1,0,0,3,2,,,,,3,0,0,0,0,0,4,2,,,,,,,,,,,,,,,,
2026-05-17 02:24:35,192992941,"x-ai/grok-4.3, depth=10, rules=No, strategy=Yes","google/gemini-2.0-flash-001, depth=10, rules=Yes, strategy=Yes","anthropic/claude-opus-4.6-fast, depth=10, rules=No, strategy=No","openai/gpt-4o, depth=10, rules=Yes, strategy=No",openai/gpt-4o,0,0,1,0,1,1,0,0,,,,,1,0,2,1,1,0,0,0,,,,,7,2,4,3,0,0,6,2,,,,,,,,,,,,,,,,
2026-05-17 02:25:46,783810668,"x-ai/grok-4.3, depth=10, rules=Yes, strategy=Yes","google/gemini-2.0-flash-001, depth=10, rules=No, strategy=No","anthropic/claude-opus-4.6-fast, depth=10, rules=Yes, strategy=No","openai/gpt-4o, depth=10, rules=No, strategy=Yes",anthropic/claude-opus-4.6-fast,2,2,0,0,0,0,1,1,,,,,0,0,4,2,1,1,1,0,,,,,0,0,0,0,2,1,2,1,,,,,,,,,,,,,,,,
2026-05-17 02:28:44,1994060811,"google/gemini-2.0-flash-001, depth=10, rules=No, strategy=No","anthropic/claude-opus-4.6-fast, depth=10, rules=Yes, strategy=No","openai/gpt-4o, depth=10, rules=No, strategy=Yes","x-ai/grok-4.3, depth=10, rules=Yes, strategy=Yes",x-ai/grok-4.3,0,0,2,1,1,0,0,0,,,,,2,0,0,0,1,0,1,1,,,,,0,0,4,1,4,2,4,2,,,,,,,,,,,,,,,,
2026-05-17 02:41:40,1837016955,"google/gemini-2.0-flash-001, depth=10, rules=Yes, strategy=No","anthropic/claude-opus-4.6-fast, depth=10, rules=No, strategy=Yes","openai/gpt-4o, depth=10, rules=Yes, strategy=Yes","x-ai/grok-4.3, depth=10, rules=No, strategy=No",openai/gpt-4o,1,1,3,0,1,0,2,1,,,,,1,0,2,1,1,1,0,0,,,,,0,0,4,2,7,3,9,5,,,,,,,,,,,,,,,,
2026-05-17 02:45:20,965460643,"google/gemini-2.0-flash-001, depth=10, rules=No, strategy=Yes","anthropic/claude-opus-4.6-fast, depth=10, rules=Yes, strategy=Yes","openai/gpt-4o, depth=10, rules=No, strategy=No","x-ai/grok-4.3, depth=10, rules=Yes, strategy=No",x-ai/grok-4.3,1,1,2,2,1,0,0,0,,,,,2,1,0,0,4,2,0,0,,,,,0,0,0,0,2,1,2,0,,,,,,,,,,,,,,,,
2026-05-17 02:48:09,94642831,"google/gemini-2.0-flash-001, depth=10, rules=Yes, strategy=Yes","anthropic/claude-opus-4.6-fast, depth=10, rules=No, strategy=No","openai/gpt-4o, depth=10, rules=Yes, strategy=No","x-ai/grok-4.3, depth=10, rules=No, strategy=Yes",x-ai/grok-4.3,0,0,2,1,0,0,0,0,,,,,2,0,1,0,0,0,1,1,,,,,0,0,6,3,4,1,5,3,,,,,,,,,,,,,,,,
2026-05-17 02:50:14,2485707010,"anthropic/claude-opus-4.6-fast, depth=10, rules=No, strategy=No","openai/gpt-4o, depth=10, rules=Yes, strategy=No","x-ai/grok-4.3, depth=10, rules=No, strategy=Yes","google/gemini-2.0-flash-001, depth=10, rules=Yes, strategy=Yes",anthropic/claude-opus-4.6-fast,6,0,1,0,1,1,1,1,,,,,2,1,0,0,1,0,2,1,,,,,9,4,6,2,0,0,3,3,,,,,,,,,,,,,,,,
2026-05-17 02:52:31,94642831,"anthropic/claude-opus-4.6-fast, depth=10, rules=Yes, strategy=No","openai/gpt-4o, depth=10, rules=No, strategy=Yes","x-ai/grok-4.3, depth=10, rules=Yes, strategy=Yes","google/gemini-2.0-flash-001, depth=10, rules=No, strategy=No",x-ai/grok-4.3,2,2,0,0,1,0,0,0,,,,,0,0,2,1,0,0,3,1,,,,,0,0,3,1,3,1,0,0,,,,,,,,,,,,,,,,
2026-05-17 02:55:30,1523901483,"anthropic/claude-opus-4.6-fast, depth=10, rules=No, strategy=Yes","openai/gpt-4o, depth=10, rules=Yes, strategy=Yes","x-ai/grok-4.3, depth=10, rules=No, strategy=No","google/gemini-2.0-flash-001, depth=10, rules=Yes, strategy=No",x-ai/grok-4.3,1,1,3,1,1,0,0,0,,,,,1,0,1,0,0,0,3,2,,,,,0,0,5,3,4,3,4,1,,,,,,,,,,,,,,,,
2026-05-17 02:56:54,3419729322,"anthropic/claude-opus-4.6-fast, depth=10, rules=Yes, strategy=Yes","openai/gpt-4o, depth=10, rules=No, strategy=No","x-ai/grok-4.3, depth=10, rules=Yes, strategy=No","google/gemini-2.0-flash-001, depth=10, rules=No, strategy=Yes",x-ai/grok-4.3,2,1,0,0,0,0,0,0,,,,,1,0,3,1,0,0,2,0,,,,,0,0,2,1,0,0,0,0,,,,,,,,,,,,,,,,
2026-05-17 02:59:28,1837016955,"openai/gpt-4o, depth=10, rules=No, strategy=No","x-ai/grok-4.3, depth=10, rules=Yes, strategy=No","google/gemini-2.0-flash-001, depth=10, rules=No, strategy=Yes","anthropic/claude-opus-4.6-fast, depth=10, rules=Yes, strategy=Yes",x-ai/grok-4.3,1,0,0,0,0,0,2,1,,,,,2,0,0,0,3,1,0,0,,,,,5,1,4,0,0,0,4,0,,,,,,,,,,,,,,,,
2026-05-17 03:03:16,2176736909,"openai/gpt-4o, depth=10, rules=Yes, strategy=No","x-ai/grok-4.3, depth=10, rules=No, strategy=Yes","google/gemini-2.0-flash-001, depth=10, rules=Yes, strategy=Yes","anthropic/claude-opus-4.6-fast, depth=10, rules=No, strategy=No",x-ai/grok-4.3,0,0,0,0,1,0,2,0,,,,,2,0,0,0,2,0,1,0,,,,,0,0,3,1,0,0,4,3,,,,,,,,,,,,,,,,
2026-05-17 03:04:46,783810668,"openai/gpt-4o, depth=10, rules=No, strategy=Yes","x-ai/grok-4.3, depth=10, rules=Yes, strategy=Yes","google/gemini-2.0-flash-001, depth=10, rules=No, strategy=No","anthropic/claude-opus-4.6-fast, depth=10, rules=Yes, strategy=No",x-ai/grok-4.3,2,1,0,0,0,0,0,0,,,,,1,0,0,0,3,1,1,0,,,,,3,2,2,1,0,0,3,1,,,,,,,,,,,,,,,,
2026-05-17 03:08:30,1994060811,"openai/gpt-4o, depth=10, rules=Yes, strategy=Yes","x-ai/grok-4.3, depth=10, rules=No, strategy=No","google/gemini-2.0-flash-001, depth=10, rules=Yes, strategy=No","anthropic/claude-opus-4.6-fast, depth=10, rules=No, strategy=Yes",x-ai/grok-4.3,1,0,0,0,0,0,5,1,,,,,0,0,1,1,2,0,1,0,,,,,8,2,6,4,0,0,4,2,,,,,,,,,,,,,,,,
2026-05-17 03:13:09,192992941,"x-ai/grok-4.3, depth=10, rules=No, strategy=No","google/gemini-2.0-flash-001, depth=10, rules=Yes, strategy=No","anthropic/claude-opus-4.6-fast, depth=10, rules=No, strategy=Yes","openai/gpt-4o, depth=10, rules=Yes, strategy=Yes",openai/gpt-4o,0,0,0,0,2,2,5,0,,,,,1,1,2,1,0,0,0,0,,,,,9,4,4,2,0,0,7,5,,,,,,,,,,,,,,,,
2026-05-17 03:17:29,2064593633,"x-ai/grok-4.3, depth=10, rules=Yes, strategy=No","google/gemini-2.0-flash-001, depth=10, rules=No, strategy=Yes","anthropic/claude-opus-4.6-fast, depth=10, rules=Yes, strategy=Yes","openai/gpt-4o, depth=10, rules=No, strategy=No",x-ai/grok-4.3,0,0,1,1,7,0,2,0,,,,,0,0,1,0,0,0,1,1,,,,,11,5,0,0,9,6,10,5,,,,,,,,,,,,,,,,
2026-05-17 03:20:39,2788506561,"x-ai/grok-4.3, depth=10, rules=No, strategy=Yes","google/gemini-2.0-flash-001, depth=10, rules=Yes, strategy=Yes","anthropic/claude-opus-4.6-fast, depth=10, rules=No, strategy=No","openai/gpt-4o, depth=10, rules=Yes, strategy=No",anthropic/claude-opus-4.6-fast,1,0,0,0,4,0,1,1,,,,,0,0,2,0,1,1,0,0,,,,,5,1,0,0,5,4,0,0,,,,,,,,,,,,,,,,
2026-05-17 03:23:16,965460643,"x-ai/grok-4.3, depth=10, rules=Yes, strategy=Yes","google/gemini-2.0-flash-001, depth=10, rules=No, strategy=No","anthropic/claude-opus-4.6-fast, depth=10, rules=Yes, strategy=No","openai/gpt-4o, depth=10, rules=No, strategy=Yes",anthropic/claude-opus-4.6-fast,1,1,0,0,0,0,1,1,,,,,1,0,4,2,0,0,1,0,,,,,4,0,0,0,2,1,0,0,,,,,,,,,,,,,,,,
2026-05-17 03:26:02,2625633111,"google/gemini-2.0-flash-001, depth=10, rules=No, strategy=No","anthropic/claude-opus-4.6-fast, depth=10, rules=Yes, strategy=No","openai/gpt-4o, depth=10, rules=No, strategy=Yes","x-ai/grok-4.3, depth=10, rules=Yes, strategy=Yes",anthropic/claude-opus-4.6-fast,0,0,0,0,1,0,0,0,,,,,2,0,0,0,2,0,1,0,,,,,0,0,4,2,4,1,5,2,,,,,,,,,,,,,,,,
2026-05-17 03:28:01,354939876,"google/gemini-2.0-flash-001, depth=10, rules=Yes, strategy=No","anthropic/claude-opus-4.6-fast, depth=10, rules=No, strategy=Yes","openai/gpt-4o, depth=10, rules=Yes, strategy=Yes","x-ai/grok-4.3, depth=10, rules=No, strategy=No",x-ai/grok-4.3,2,0,2,1,2,2,0,0,,,,,5,3,1,0,0,0,0,0,,,,,4,2,5,2,5,0,4,2,,,,,,,,,,,,,,,,
2026-05-17 03:29:05,3260290596,"google/gemini-2.0-flash-001, depth=10, rules=No, strategy=Yes","anthropic/claude-opus-4.6-fast, depth=10, rules=Yes, strategy=Yes","openai/gpt-4o, depth=10, rules=No, strategy=No","x-ai/grok-4.3, depth=10, rules=Yes, strategy=No",x-ai/grok-4.3,1,0,2,2,0,0,0,0,,,,,4,2,0,0,2,0,0,0,,,,,2,1,0,0,0,0,1,0,,,,,,,,,,,,,,,,
2026-05-17 03:31:15,1223849503,"google/gemini-2.0-flash-001, depth=10, rules=Yes, strategy=Yes","anthropic/claude-opus-4.6-fast, depth=10, rules=No, strategy=No","openai/gpt-4o, depth=10, rules=Yes, strategy=No","x-ai/grok-4.3, depth=10, rules=No, strategy=Yes",openai/gpt-4o,1,1,2,0,0,0,0,0,,,,,1,0,3,1,0,0,2,0,,,,,0,0,4,3,3,1,3,2,,,,,,,,,,,,,,,,
2026-05-17 03:33:36,2625633111,"anthropic/claude-opus-4.6-fast, depth=10, rules=No, strategy=No","openai/gpt-4o, depth=10, rules=Yes, strategy=No","x-ai/grok-4.3, depth=10, rules=No, strategy=Yes","google/gemini-2.0-flash-001, depth=10, rules=Yes, strategy=Yes",anthropic/claude-opus-4.6-fast,7,0,0,0,1,1,0,0,,,,,1,1,0,0,0,0,2,0,,,,,8,5,9,3,4,1,0,0,,,,,,,,,,,,,,,,
2026-05-17 03:35:37,1837016955,"anthropic/claude-opus-4.6-fast, depth=10, rules=Yes, strategy=No","openai/gpt-4o, depth=10, rules=No, strategy=Yes","x-ai/grok-4.3, depth=10, rules=Yes, strategy=Yes","google/gemini-2.0-flash-001, depth=10, rules=No, strategy=No",anthropic/claude-opus-4.6-fast,2,0,0,0,0,0,0,0,,,,,0,0,1,0,0,0,2,0,,,,,7,5,8,4,4,2,0,0,,,,,,,,,,,,,,,,
2026-05-17 03:38:06,2485707010,"anthropic/claude-opus-4.6-fast, depth=10, rules=No, strategy=Yes","openai/gpt-4o, depth=10, rules=Yes, strategy=Yes","x-ai/grok-4.3, depth=10, rules=No, strategy=No","google/gemini-2.0-flash-001, depth=10, rules=Yes, strategy=No",x-ai/grok-4.3,1,1,2,2,1,0,0,0,,,,,1,0,0,0,1,1,4,2,,,,,0,0,7,2,4,3,3,2,,,,,,,,,,,,,,,,
2026-05-17 03:39:40,1994060811,"anthropic/claude-opus-4.6-fast, depth=10, rules=Yes, strategy=Yes","openai/gpt-4o, depth=10, rules=No, strategy=No","x-ai/grok-4.3, depth=10, rules=Yes, strategy=No","google/gemini-2.0-flash-001, depth=10, rules=No, strategy=Yes",x-ai/grok-4.3,1,1,0,0,0,0,2,0,,,,,1,0,3,1,0,0,2,0,,,,,0,0,3,2,2,1,3,1,,,,,,,,,,,,,,,,
2026-05-17 03:41:09,1523901483,"openai/gpt-4o, depth=10, rules=No, strategy=No","x-ai/grok-4.3, depth=10, rules=Yes, strategy=No","google/gemini-2.0-flash-001, depth=10, rules=No, strategy=Yes","anthropic/claude-opus-4.6-fast, depth=10, rules=Yes, strategy=Yes",anthropic/claude-opus-4.6-fast,0,0,0,0,0,0,1,0,,,,,2,0,0,0,2,0,0,0,,,,,0,0,4,2,6,3,5,2,,,,,,,,,,,,,,,,
2026-05-17 03:43:14,2176736909,"openai/gpt-4o, depth=10, rules=Yes, strategy=No","x-ai/grok-4.3, depth=10, rules=No, strategy=Yes","google/gemini-2.0-flash-001, depth=10, rules=Yes, strategy=Yes","anthropic/claude-opus-4.6-fast, depth=10, rules=No, strategy=No",anthropic/claude-opus-4.6-fast,1,0,1,1,1,1,0,0,,,,,0,0,0,0,2,1,2,1,,,,,7,5,4,2,0,0,5,2,,,,,,,,,,,,,,,,
2026-05-17 03:44:58,94642831,"openai/gpt-4o, depth=10, rules=No, strategy=Yes","x-ai/grok-4.3, depth=10, rules=Yes, strategy=Yes","google/gemini-2.0-flash-001, depth=10, rules=No, strategy=No","anthropic/claude-opus-4.6-fast, depth=10, rules=Yes, strategy=No",x-ai/grok-4.3,2,1,0,0,0,0,2,1,,,,,2,1,0,0,3,1,0,0,,,,,4,3,3,0,0,0,3,2,,,,,,,,,,,,,,,,
2026-05-17 03:47:42,2788506561,"openai/gpt-4o, depth=10, rules=Yes, strategy=Yes","x-ai/grok-4.3, depth=10, rules=No, strategy=No","google/gemini-2.0-flash-001, depth=10, rules=Yes, strategy=No","anthropic/claude-opus-4.6-fast, depth=10, rules=No, strategy=Yes",x-ai/grok-4.3,0,0,0,0,0,0,3,0,,,,,0,0,0,0,2,0,0,0,,,,,10,5,9,5,10,5,10,7,,,,,,,,,,,,,,,,
2026-05-17 03:50:20,1223849503,"x-ai/grok-4.3, depth=10, rules=No, strategy=No","google/gemini-2.0-flash-001, depth=10, rules=Yes, strategy=No","anthropic/claude-opus-4.6-fast, depth=10, rules=No, strategy=Yes","openai/gpt-4o, depth=10, rules=Yes, strategy=Yes",x-ai/grok-4.3,0,0,0,0,1,1,0,0,,,,,0,0,3,1,0,0,0,0,,,,,7,2,0,0,4,2,9,6,,,,,,,,,,,,,,,,
2026-05-17 03:52:30,783810668,"x-ai/grok-4.3, depth=10, rules=Yes, strategy=No","google/gemini-2.0-flash-001, depth=10, rules=No, strategy=Yes","anthropic/claude-opus-4.6-fast, depth=10, rules=Yes, strategy=Yes","openai/gpt-4o, depth=10, rules=No, strategy=No",openai/gpt-4o,1,1,1,1,2,2,0,0,,,,,1,0,2,1,0,0,4,3,,,,,4,2,5,1,5,1,4,2,,,,,,,,,,,,,,,,
2026-05-17 03:54:57,192992941,"x-ai/grok-4.3, depth=10, rules=No, strategy=Yes","google/gemini-2.0-flash-001, depth=10, rules=Yes, strategy=Yes","anthropic/claude-opus-4.6-fast, depth=10, rules=No, strategy=No","openai/gpt-4o, depth=10, rules=Yes, strategy=No",openai/gpt-4o,1,0,0,0,1,1,1,0,,,,,1,0,2,1,1,0,0,0,,,,,6,2,5,3,5,2,5,1,,,,,,,,,,,,,,,,
2026-05-17 03:57:53,3419729322,"x-ai/grok-4.3, depth=10, rules=Yes, strategy=Yes","google/gemini-2.0-flash-001, depth=10, rules=No, strategy=No","anthropic/claude-opus-4.6-fast, depth=10, rules=Yes, strategy=No","openai/gpt-4o, depth=10, rules=No, strategy=Yes",anthropic/claude-opus-4.6-fast,2,0,0,0,3,0,1,1,,,,,0,0,3,1,0,0,1,0,,,,,6,3,0,0,4,3,0,0,,,,,,,,,,,,,,,,
2026-05-17 03:59:54,3260290596,"google/gemini-2.0-flash-001, depth=10, rules=No, strategy=No","anthropic/claude-opus-4.6-fast, depth=10, rules=Yes, strategy=No","openai/gpt-4o, depth=10, rules=No, strategy=Yes","x-ai/grok-4.3, depth=10, rules=Yes, strategy=Yes",anthropic/claude-opus-4.6-fast,0,0,4,0,0,0,2,2,,,,,3,1,1,1,0,0,0,0,,,,,0,0,7,3,6,4,7,2,,,,,,,,,,,,,,,,
2026-05-17 04:03:37,965460643,"google/gemini-2.0-flash-001, depth=10, rules=Yes, strategy=No","anthropic/claude-opus-4.6-fast, depth=10, rules=No, strategy=Yes","openai/gpt-4o, depth=10, rules=Yes, strategy=Yes","x-ai/grok-4.3, depth=10, rules=No, strategy=No",anthropic/claude-opus-4.6-fast,0,0,8,0,1,1,0,0,,,,,3,1,1,0,0,0,1,0,,,,,0,0,7,4,4,0,7,0,,,,,,,,,,,,,,,,
2026-05-17 04:04:57,354939876,"google/gemini-2.0-flash-001, depth=10, rules=No, strategy=Yes","anthropic/claude-opus-4.6-fast, depth=10, rules=Yes, strategy=Yes","openai/gpt-4o, depth=10, rules=No, strategy=No","x-ai/grok-4.3, depth=10, rules=Yes, strategy=No",x-ai/grok-4.3,1,0,1,1,0,0,0,0,,,,,2,0,0,0,3,1,0,0,,,,,0,0,3,0,3,1,2,0,,,,,,,,,,,,,,,,
2026-05-17 04:07:16,2064593633,"google/gemini-2.0-flash-001, depth=10, rules=Yes, strategy=Yes","anthropic/claude-opus-4.6-fast, depth=10, rules=No, strategy=No","openai/gpt-4o, depth=10, rules=Yes, strategy=No","x-ai/grok-4.3, depth=10, rules=No, strategy=Yes",anthropic/claude-opus-4.6-fast,1,0,3,0,0,0,1,1,,,,,3,1,1,0,2,0,1,0,,,,,0,0,7,2,7,3,4,1,,,,,,,,,,,,,,,,
2026-05-17 04:09:35,2176736909,"anthropic/claude-opus-4.6-fast, depth=10, rules=No, strategy=No","openai/gpt-4o, depth=10, rules=Yes, strategy=No","x-ai/grok-4.3, depth=10, rules=No, strategy=Yes","google/gemini-2.0-flash-001, depth=10, rules=Yes, strategy=Yes",anthropic/claude-opus-4.6-fast,1,0,1,0,4,1,1,1,,,,,1,0,2,2,1,0,1,0,,,,,7,1,6,2,4,2,0,0,,,,,,,,,,,,,,,,
2026-05-17 04:11:44,3419729322,"anthropic/claude-opus-4.6-fast, depth=10, rules=Yes, strategy=No","openai/gpt-4o, depth=10, rules=No, strategy=Yes","x-ai/grok-4.3, depth=10, rules=Yes, strategy=Yes","google/gemini-2.0-flash-001, depth=10, rules=No, strategy=No",x-ai/grok-4.3,1,1,1,0,0,0,0,0,,,,,0,0,1,0,1,0,3,1,,,,,4,2,4,3,4,1,0,0,,,,,,,,,,,,,,,,
2026-05-17 04:14:16,783810668,"anthropic/claude-opus-4.6-fast, depth=10, rules=No, strategy=Yes","openai/gpt-4o, depth=10, rules=Yes, strategy=Yes","x-ai/grok-4.3, depth=10, rules=No, strategy=No","google/gemini-2.0-flash-001, depth=10, rules=Yes, strategy=No",x-ai/grok-4.3,6,2,0,0,0,0,0,0,,,,,0,0,0,0,2,2,2,0,,,,,6,3,5,2,7,2,6,2,,,,,,,,,,,,,,,,
2026-05-17 04:15:29,1994060811,"anthropic/claude-opus-4.6-fast, depth=10, rules=Yes, strategy=Yes","openai/gpt-4o, depth=10, rules=No, strategy=No","x-ai/grok-4.3, depth=10, rules=Yes, strategy=No","google/gemini-2.0-flash-001, depth=10, rules=No, strategy=Yes",x-ai/grok-4.3,3,2,0,0,0,0,0,0,,,,,0,0,2,1,0,0,3,1,,,,,0,0,2,1,2,0,0,0,,,,,,,,,,,,,,,,
2026-05-17 04:17:57,965460643,"openai/gpt-4o, depth=10, rules=No, strategy=No","x-ai/grok-4.3, depth=10, rules=Yes, strategy=No","google/gemini-2.0-flash-001, depth=10, rules=No, strategy=Yes","anthropic/claude-opus-4.6-fast, depth=10, rules=Yes, strategy=Yes",openai/gpt-4o,0,0,0,0,4,0,2,2,,,,,2,1,0,0,2,1,0,0,,,,,7,5,6,2,5,1,0,0,,,,,,,,,,,,,,,,
2026-05-17 04:19:23,2485707010,"openai/gpt-4o, depth=10, rules=Yes, strategy=No","x-ai/grok-4.3, depth=10, rules=No, strategy=Yes","google/gemini-2.0-flash-001, depth=10, rules=Yes, strategy=Yes","anthropic/claude-opus-4.6-fast, depth=10, rules=No, strategy=No",openai/gpt-4o,0,0,2,1,1,1,1,0,,,,,0,0,1,0,2,1,3,1,,,,,1,1,0,0,0,0,2,1,,,,,,,,,,,,,,,,
2026-05-17 04:20:50,2064593633,"openai/gpt-4o, depth=10, rules=No, strategy=Yes","x-ai/grok-4.3, depth=10, rules=Yes, strategy=Yes","google/gemini-2.0-flash-001, depth=10, rules=No, strategy=No","anthropic/claude-opus-4.6-fast, depth=10, rules=Yes, strategy=No",x-ai/grok-4.3,1,1,0,0,0,0,1,1,,,,,1,0,1,1,3,1,1,0,,,,,0,0,2,1,0,0,2,0,,,,,,,,,,,,,,,,
2026-05-17 04:23:24,3260290596,"openai/gpt-4o, depth=10, rules=Yes, strategy=Yes","x-ai/grok-4.3, depth=10, rules=No, strategy=No","google/gemini-2.0-flash-001, depth=10, rules=Yes, strategy=No","anthropic/claude-opus-4.6-fast, depth=10, rules=No, strategy=Yes",openai/gpt-4o,0,0,0,0,0,0,2,0,,,,,0,0,1,0,2,0,1,0,,,,,6,1,6,2,0,0,4,3,,,,,,,,,,,,,,,,
2026-05-17 04:25:45,1837016955,"x-ai/grok-4.3, depth=10, rules=No, strategy=No","google/gemini-2.0-flash-001, depth=10, rules=Yes, strategy=No","anthropic/claude-opus-4.6-fast, depth=10, rules=No, strategy=Yes","openai/gpt-4o, depth=10, rules=Yes, strategy=Yes",anthropic/claude-opus-4.6-fast,2,1,0,0,0,0,2,1,,,,,0,0,1,0,2,2,0,0,,,,,8,2,6,2,7,2,8,4,,,,,,,,,,,,,,,,
2026-05-17 04:28:39,1223849503,"x-ai/grok-4.3, depth=10, rules=Yes, strategy=No","google/gemini-2.0-flash-001, depth=10, rules=No, strategy=Yes","anthropic/claude-opus-4.6-fast, depth=10, rules=Yes, strategy=Yes","openai/gpt-4o, depth=10, rules=No, strategy=No",x-ai/grok-4.3,0,0,1,1,1,1,0,0,,,,,0,0,2,1,0,0,1,1,,,,,7,3,0,0,7,2,10,5,,,,,,,,,,,,,,,,
2026-05-17 04:31:03,192992941,"x-ai/grok-4.3, depth=10, rules=No, strategy=Yes","google/gemini-2.0-flash-001, depth=10, rules=Yes, strategy=Yes","anthropic/claude-opus-4.6-fast, depth=10, rules=No, strategy=No","openai/gpt-4o, depth=10, rules=Yes, strategy=No",openai/gpt-4o,1,1,0,0,1,1,0,0,,,,,1,0,4,2,1,0,0,0,,,,,6,3,6,3,0,0,6,2,,,,,,,,,,,,,,,,
2026-05-17 04:35:28,2625633111,"x-ai/grok-4.3, depth=10, rules=Yes, strategy=Yes","google/gemini-2.0-flash-001, depth=10, rules=No, strategy=No","anthropic/claude-opus-4.6-fast, depth=10, rules=Yes, strategy=No","openai/gpt-4o, depth=10, rules=No, strategy=Yes",openai/gpt-4o,8,0,0,0,3,0,4,0,,,,,0,0,2,0,0,0,0,0,,,,,10,7,0,0,8,4,10,4,,,,,,,,,,,,,,,,
2026-05-17 04:36:42,94642831,"google/gemini-2.0-flash-001, depth=10, rules=No, strategy=No","anthropic/claude-opus-4.6-fast, depth=10, rules=Yes, strategy=No","openai/gpt-4o, depth=10, rules=No, strategy=Yes","x-ai/grok-4.3, depth=10, rules=Yes, strategy=Yes",x-ai/grok-4.3,0,0,0,0,0,0,1,0,,,,,2,0,1,0,2,0,0,0,,,,,0,0,0,0,2,1,2,1,,,,,,,,,,,,,,,,
2026-05-17 04:38:27,1523901483,"google/gemini-2.0-flash-001, depth=10, rules=Yes, strategy=No","anthropic/claude-opus-4.6-fast, depth=10, rules=No, strategy=Yes","openai/gpt-4o, depth=10, rules=Yes, strategy=Yes","x-ai/grok-4.3, depth=10, rules=No, strategy=No",anthropic/claude-opus-4.6-fast,0,0,3,0,1,1,0,0,,,,,3,1,0,0,0,0,1,0,,,,,0,0,2,0,3,1,3,1,,,,,,,,,,,,,,,,
2026-05-17 04:39:28,354939876,"google/gemini-2.0-flash-001, depth=10, rules=No, strategy=Yes","anthropic/claude-opus-4.6-fast, depth=10, rules=Yes, strategy=Yes","openai/gpt-4o, depth=10, rules=No, strategy=No","x-ai/grok-4.3, depth=10, rules=Yes, strategy=No",x-ai/grok-4.3,2,2,2,2,0,0,0,0,,,,,0,0,2,2,3,1,1,1,,,,,0,0,3,3,3,1,2,0,,,,,,,,,,,,,,,,
2026-05-17 04:41:21,2788506561,"google/gemini-2.0-flash-001, depth=10, rules=Yes, strategy=Yes","anthropic/claude-opus-4.6-fast, depth=10, rules=No, strategy=No","openai/gpt-4o, depth=10, rules=Yes, strategy=No","x-ai/grok-4.3, depth=10, rules=No, strategy=Yes",anthropic/claude-opus-4.6-fast,2,0,0,0,0,0,2,2,,,,,4,2,0,0,0,0,0,0,,,,,5,2,5,2,6,4,5,3,,,,,,,,,,,,,,,,
2026-05-17 04:43:49,1994060811,"anthropic/claude-opus-4.6-fast, depth=10, rules=No, strategy=No","openai/gpt-4o, depth=10, rules=Yes, strategy=No","x-ai/grok-4.3, depth=10, rules=No, strategy=Yes","google/gemini-2.0-flash-001, depth=10, rules=Yes, strategy=Yes",openai/gpt-4o,0,0,1,0,1,1,1,0,,,,,2,0,0,0,0,0,3,1,,,,,0,0,5,3,3,2,8,3,,,,,,,,,,,,,,,,
2026-05-17 04:45:39,1523901483,"anthropic/claude-opus-4.6-fast, depth=10, rules=Yes, strategy=No","openai/gpt-4o, depth=10, rules=No, strategy=Yes","x-ai/grok-4.3, depth=10, rules=Yes, strategy=Yes","google/gemini-2.0-flash-001, depth=10, rules=No, strategy=No",x-ai/grok-4.3,2,1,2,0,0,0,0,0,,,,,0,0,2,1,0,0,2,0,,,,,4,1,6,2,5,2,0,0,,,,,,,,,,,,,,,,
2026-05-17 04:49:09,3419729322,"anthropic/claude-opus-4.6-fast, depth=10, rules=No, strategy=Yes","openai/gpt-4o, depth=10, rules=Yes, strategy=Yes","x-ai/grok-4.3, depth=10, rules=No, strategy=No","google/gemini-2.0-flash-001, depth=10, rules=Yes, strategy=No",x-ai/grok-4.3,4,1,2,1,1,0,1,0,,,,,1,1,0,0,1,1,2,0,,,,,8,4,8,5,7,1,6,3,,,,,,,,,,,,,,,,
2026-05-17 04:51:50,2176736909,"anthropic/claude-opus-4.6-fast, depth=10, rules=Yes, strategy=Yes","openai/gpt-4o, depth=10, rules=No, strategy=No","x-ai/grok-4.3, depth=10, rules=Yes, strategy=No","google/gemini-2.0-flash-001, depth=10, rules=No, strategy=Yes",google/gemini-2.0-flash-001,3,1,0,0,1,1,0,0,,,,,0,0,3,1,0,0,1,1,,,,,4,3,0,0,7,4,6,0,,,,,,,,,,,,,,,,
2026-05-17 04:54:49,2625633111,"openai/gpt-4o, depth=10, rules=No, strategy=No","x-ai/grok-4.3, depth=10, rules=Yes, strategy=No","google/gemini-2.0-flash-001, depth=10, rules=No, strategy=Yes","anthropic/claude-opus-4.6-fast, depth=10, rules=Yes, strategy=Yes",x-ai/grok-4.3,0,0,0,0,1,0,4,2,,,,,2,0,1,1,3,1,0,0,,,,,0,0,5,1,4,1,6,3,,,,,,,,,,,,,,,,
2026-05-17 04:57:17,965460643,"openai/gpt-4o, depth=10, rules=Yes, strategy=No","x-ai/grok-4.3, depth=10, rules=No, strategy=Yes","google/gemini-2.0-flash-001, depth=10, rules=Yes, strategy=Yes","anthropic/claude-opus-4.6-fast, depth=10, rules=No, strategy=No",openai/gpt-4o,0,0,3,1,1,0,1,1,,,,,0,0,0,0,2,2,1,0,,,,,6,3,5,3,7,1,8,5,,,,,,,,,,,,,,,,
2026-05-17 05:04:01,1223849503,"openai/gpt-4o, depth=10, rules=No, strategy=Yes","x-ai/grok-4.3, depth=10, rules=Yes, strategy=Yes","google/gemini-2.0-flash-001, depth=10, rules=No, strategy=No","anthropic/claude-opus-4.6-fast, depth=10, rules=Yes, strategy=No",anthropic/claude-opus-4.6-fast,1,1,2,0,0,0,11,0,,,,,1,0,0,0,3,1,1,0,,,,,0,0,8,3,0,0,11,9,,,,,,,,,,,,,,,,
2026-05-17 05:07:01,2788506561,"openai/gpt-4o, depth=10, rules=Yes, strategy=Yes","x-ai/grok-4.3, depth=10, rules=No, strategy=No","google/gemini-2.0-flash-001, depth=10, rules=Yes, strategy=No","anthropic/claude-opus-4.6-fast, depth=10, rules=No, strategy=Yes",openai/gpt-4o,0,0,0,0,0,0,3,1,,,,,1,1,0,0,1,0,0,0,,,,,9,6,9,4,6,1,5,3,,,,,,,,,,,,,,,,
2026-05-17 05:10:39,3260290596,"x-ai/grok-4.3, depth=10, rules=No, strategy=No","google/gemini-2.0-flash-001, depth=10, rules=Yes, strategy=No","anthropic/claude-opus-4.6-fast, depth=10, rules=No, strategy=Yes","openai/gpt-4o, depth=10, rules=Yes, strategy=Yes",anthropic/claude-opus-4.6-fast,0,0,0,0,8,0,1,1,,,,,0,0,3,1,0,0,0,0,,,,,10,4,6,3,12,9,12,6,,,,,,,,,,,,,,,,
2026-05-17 05:12:39,1837016955,"x-ai/grok-4.3, depth=10, rules=Yes, strategy=No","google/gemini-2.0-flash-001, depth=10, rules=No, strategy=Yes","anthropic/claude-opus-4.6-fast, depth=10, rules=Yes, strategy=Yes","openai/gpt-4o, depth=10, rules=No, strategy=No",anthropic/claude-opus-4.6-fast,0,0,1,1,4,0,0,0,,,,,0,0,1,0,0,0,3,1,,,,,4,0,0,0,4,0,0,0,,,,,,,,,,,,,,,,
2026-05-17 05:16:06,354939876,"x-ai/grok-4.3, depth=10, rules=No, strategy=Yes","google/gemini-2.0-flash-001, depth=10, rules=Yes, strategy=Yes","anthropic/claude-opus-4.6-fast, depth=10, rules=No, strategy=No","openai/gpt-4o, depth=10, rules=Yes, strategy=No",google/gemini-2.0-flash-001,3,2,2,0,1,1,0,0,,,,,0,0,4,3,1,0,1,0,,,,,7,3,6,2,8,4,5,1,,,,,,,,,,,,,,,,
2026-05-17 05:17:42,783810668,"x-ai/grok-4.3, depth=10, rules=Yes, strategy=Yes","google/gemini-2.0-flash-001, depth=10, rules=No, strategy=No","anthropic/claude-opus-4.6-fast, depth=10, rules=Yes, strategy=No","openai/gpt-4o, depth=10, rules=No, strategy=Yes",google/gemini-2.0-flash-001,2,2,2,1,0,0,2,1,,,,,0,0,2,2,2,1,1,1,,,,,0,0,5,4,6,4,3,1,,,,,,,,,,,,,,,,
2026-05-17 05:19:34,192992941,"google/gemini-2.0-flash-001, depth=10, rules=No, strategy=No","anthropic/claude-opus-4.6-fast, depth=10, rules=Yes, strategy=No","openai/gpt-4o, depth=10, rules=No, strategy=Yes","x-ai/grok-4.3, depth=10, rules=Yes, strategy=Yes",openai/gpt-4o,0,0,2,1,3,0,0,0,,,,,2,0,0,0,2,1,1,0,,,,,0,0,4,1,4,3,4,2,,,,,,,,,,,,,,,,
2026-05-17 05:21:32,2064593633,"google/gemini-2.0-flash-001, depth=10, rules=Yes, strategy=No","anthropic/claude-opus-4.6-fast, depth=10, rules=No, strategy=Yes","openai/gpt-4o, depth=10, rules=Yes, strategy=Yes","x-ai/grok-4.3, depth=10, rules=No, strategy=No",x-ai/grok-4.3,0,0,4,2,2,1,1,1,,,,,3,1,2,2,1,0,1,1,,,,,0,0,3,2,3,1,2,0,,,,,,,,,,,,,,,,
2026-05-17 05:23:53,94642831,"google/gemini-2.0-flash-001, depth=10, rules=No, strategy=Yes","anthropic/claude-opus-4.6-fast, depth=10, rules=Yes, strategy=Yes","openai/gpt-4o, depth=10, rules=No, strategy=No","x-ai/grok-4.3, depth=10, rules=Yes, strategy=No",anthropic/claude-opus-4.6-fast,1,1,1,1,0,0,1,1,,,,,1,0,2,2,3,1,0,0,,,,,0,0,4,0,4,2,4,3,,,,,,,,,,,,,,,,
2026-05-17 05:26:48,2485707010,"google/gemini-2.0-flash-001, depth=10, rules=Yes, strategy=Yes","anthropic/claude-opus-4.6-fast, depth=10, rules=No, strategy=No","openai/gpt-4o, depth=10, rules=Yes, strategy=No","x-ai/grok-4.3, depth=10, rules=No, strategy=Yes",openai/gpt-4o,5,1,2,2,0,0,2,1,,,,,4,3,0,0,1,1,0,0,,,,,7,3,7,1,5,2,4,2,,,,,,,,,,,,,,,,
2026-05-17 05:31:37,1523901483,"anthropic/claude-opus-4.6-fast, depth=10, rules=No, strategy=No","openai/gpt-4o, depth=10, rules=Yes, strategy=No","x-ai/grok-4.3, depth=10, rules=No, strategy=Yes","google/gemini-2.0-flash-001, depth=10, rules=Yes, strategy=Yes",x-ai/grok-4.3,2,0,5,2,0,0,0,0,,,,,3,2,0,0,0,0,2,0,,,,,8,2,5,4,7,5,0,0,,,,,,,,,,,,,,,,
2026-05-17 05:34:14,94642831,"anthropic/claude-opus-4.6-fast, depth=10, rules=Yes, strategy=No","openai/gpt-4o, depth=10, rules=No, strategy=Yes","x-ai/grok-4.3, depth=10, rules=Yes, strategy=Yes","google/gemini-2.0-flash-001, depth=10, rules=No, strategy=No",anthropic/claude-opus-4.6-fast,2,1,1,1,2,2,0,0,,,,,2,2,1,0,0,0,4,2,,,,,3,1,0,0,3,0,2,1,,,,,,,,,,,,,,,,
2026-05-17 05:37:47,783810668,"anthropic/claude-opus-4.6-fast, depth=10, rules=No, strategy=Yes","openai/gpt-4o, depth=10, rules=Yes, strategy=Yes","x-ai/grok-4.3, depth=10, rules=No, strategy=No","google/gemini-2.0-flash-001, depth=10, rules=Yes, strategy=No",x-ai/grok-4.3,2,1,0,0,0,0,0,0,,,,,0,0,0,0,0,0,3,1,,,,,6,4,9,4,9,7,5,2,,,,,,,,,,,,,,,,
2026-05-17 05:39:52,965460643,"anthropic/claude-opus-4.6-fast, depth=10, rules=Yes, strategy=Yes","openai/gpt-4o, depth=10, rules=No, strategy=No","x-ai/grok-4.3, depth=10, rules=Yes, strategy=No","google/gemini-2.0-flash-001, depth=10, rules=No, strategy=Yes",google/gemini-2.0-flash-001,2,2,0,0,1,1,2,0,,,,,0,0,3,1,0,0,3,2,,,,,0,0,0,0,1,0,2,1,,,,,,,,,,,,,,,,
2026-05-17 05:42:36,2625633111,"openai/gpt-4o, depth=10, rules=No, strategy=No","x-ai/grok-4.3, depth=10, rules=Yes, strategy=No","google/gemini-2.0-flash-001, depth=10, rules=No, strategy=Yes","anthropic/claude-opus-4.6-fast, depth=10, rules=Yes, strategy=Yes",x-ai/grok-4.3,0,0,0,0,0,0,2,1,,,,,2,0,1,1,2,0,0,0,,,,,6,4,5,0,0,0,4,1,,,,,,,,,,,,,,,,
2026-05-17 05:46:13,354939876,"openai/gpt-4o, depth=10, rules=Yes, strategy=No","x-ai/grok-4.3, depth=10, rules=No, strategy=Yes","google/gemini-2.0-flash-001, depth=10, rules=Yes, strategy=Yes","anthropic/claude-opus-4.6-fast, depth=10, rules=No, strategy=No",openai/gpt-4o,1,0,1,1,1,0,3,0,,,,,0,0,0,0,2,0,1,1,,,,,8,7,7,4,0,0,10,8,,,,,,,,,,,,,,,,
2026-05-17 05:50:55,1223849503,"openai/gpt-4o, depth=10, rules=No, strategy=Yes","x-ai/grok-4.3, depth=10, rules=Yes, strategy=Yes","google/gemini-2.0-flash-001, depth=10, rules=No, strategy=No","anthropic/claude-opus-4.6-fast, depth=10, rules=Yes, strategy=No",anthropic/claude-opus-4.6-fast,0,0,6,0,0,0,1,0,,,,,2,0,0,0,2,0,0,0,,,,,0,0,9,8,4,1,7,2,,,,,,,,,,,,,,,,
2026-05-17 05:54:33,1837016955,"openai/gpt-4o, depth=10, rules=Yes, strategy=Yes","x-ai/grok-4.3, depth=10, rules=No, strategy=No","google/gemini-2.0-flash-001, depth=10, rules=Yes, strategy=No","anthropic/claude-opus-4.6-fast, depth=10, rules=No, strategy=Yes",x-ai/grok-4.3,0,0,0,0,0,0,2,2,,,,,0,0,1,1,2,1,0,0,,,,,8,3,8,6,4,2,0,0,,,,,,,,,,,,,,,,
2026-05-17 05:58:49,3260290596,"x-ai/grok-4.3, depth=10, rules=No, strategy=No","google/gemini-2.0-flash-001, depth=10, rules=Yes, strategy=No","anthropic/claude-opus-4.6-fast, depth=10, rules=No, strategy=Yes","openai/gpt-4o, depth=10, rules=Yes, strategy=Yes",openai/gpt-4o,0,0,0,0,2,1,7,0,,,,,0,0,1,1,0,0,0,0,,,,,15,6,9,2,6,3,14,10,,,,,,,,,,,,,,,,
2026-05-17 06:02:36,2485707010,"x-ai/grok-4.3, depth=10, rules=Yes, strategy=No","google/gemini-2.0-flash-001, depth=10, rules=No, strategy=Yes","anthropic/claude-opus-4.6-fast, depth=10, rules=Yes, strategy=Yes","openai/gpt-4o, depth=10, rules=No, strategy=No",anthropic/claude-opus-4.6-fast,0,0,1,1,1,0,0,0,,,,,1,0,1,0,0,0,3,1,,,,,2,0,0,0,1,0,0,0,,,,,,,,,,,,,,,,
2026-05-17 06:06:31,3419729322,"x-ai/grok-4.3, depth=10, rules=No, strategy=Yes","google/gemini-2.0-flash-001, depth=10, rules=Yes, strategy=Yes","anthropic/claude-opus-4.6-fast, depth=10, rules=No, strategy=No","openai/gpt-4o, depth=10, rules=Yes, strategy=No",x-ai/grok-4.3,1,0,0,0,2,0,1,1,,,,,1,1,2,0,2,0,0,0,,,,,6,2,0,0,6,3,6,3,,,,,,,,,,,,,,,,
2026-05-17 06:08:03,1994060811,"x-ai/grok-4.3, depth=10, rules=Yes, strategy=Yes","google/gemini-2.0-flash-001, depth=10, rules=No, strategy=No","anthropic/claude-opus-4.6-fast, depth=10, rules=Yes, strategy=No","openai/gpt-4o, depth=10, rules=No, strategy=Yes",anthropic/claude-opus-4.6-fast,1,1,0,0,1,0,0,0,,,,,0,0,3,1,0,0,2,0,,,,,3,1,0,0,2,0,3,2,,,,,,,,,,,,,,,,
2026-05-17 06:10:28,2064593633,"google/gemini-2.0-flash-001, depth=10, rules=No, strategy=No","anthropic/claude-opus-4.6-fast, depth=10, rules=Yes, strategy=No","openai/gpt-4o, depth=10, rules=No, strategy=Yes","x-ai/grok-4.3, depth=10, rules=Yes, strategy=Yes",x-ai/grok-4.3,1,0,1,1,3,0,0,0,,,,,2,0,1,0,3,1,0,0,,,,,0,0,0,0,4,0,2,0,,,,,,,,,,,,,,,,
2026-05-17 06:13:37,2176736909,"google/gemini-2.0-flash-001, depth=10, rules=Yes, strategy=No","anthropic/claude-opus-4.6-fast, depth=10, rules=No, strategy=Yes","openai/gpt-4o, depth=10, rules=Yes, strategy=Yes","x-ai/grok-4.3, depth=10, rules=No, strategy=No",anthropic/claude-opus-4.6-fast,1,1,3,0,1,1,0,0,,,,,2,1,0,0,0,0,2,1,,,,,0,0,5,5,4,4,5,2,,,,,,,,,,,,,,,,
2026-05-17 06:17:38,192992941,"google/gemini-2.0-flash-001, depth=10, rules=No, strategy=Yes","anthropic/claude-opus-4.6-fast, depth=10, rules=Yes, strategy=Yes","openai/gpt-4o, depth=10, rules=No, strategy=No","x-ai/grok-4.3, depth=10, rules=Yes, strategy=No",anthropic/claude-opus-4.6-fast,2,0,5,0,0,0,0,0,,,,,2,0,1,0,2,0,0,0,,,,,0,0,6,5,0,0,4,3,,,,,,,,,,,,,,,,
2026-05-17 06:19:30,2788506561,"google/gemini-2.0-flash-001, depth=10, rules=Yes, strategy=Yes","anthropic/claude-opus-4.6-fast, depth=10, rules=No, strategy=No","openai/gpt-4o, depth=10, rules=Yes, strategy=No","x-ai/grok-4.3, depth=10, rules=No, strategy=Yes",x-ai/grok-4.3,2,1,1,1,1,1,0,0,,,,,2,1,1,0,2,1,2,1,,,,,0,0,0,0,2,1,2,1,,,,,,,,,,,,,,,,
2026-05-20 22:23:09,1153661519,"openai/gpt-4o, depth=2, rules=No, strategy=No","google/gemini-2.0-flash-001, depth=2, rules=No, strategy=No","x-ai/grok-4.3, depth=2, rules=No, strategy=No","mistralai/mistral-nemo, depth=2, rules=No, strategy=No",x-ai/grok-4.3,0,0,1,1,0,0,1,1,,,,,3,2,1,0,0,0,1,0,,,,,2,1,0,0,2,0,0,0,,,,,,,,,,,,,,,,
2026-05-20 23:33:04,3977195492,"openai/gpt-4o, depth=2, rules=Yes, strategy=No","google/gemini-2.0-flash-001, depth=2, rules=Yes, strategy=No","x-ai/grok-4.3, depth=2, rules=Yes, strategy=No","mistralai/mistral-nemo, depth=2, rules=Yes, strategy=No",openai/gpt-4o,5,0,2,0,3,0,0,0,,,,,0,0,1,0,0,0,2,0,,,,,17,6,10,2,12,5,0,0,,,,,,,,,,,,,,,,
2026-05-20 23:49:37,1317300980,"openai/gpt-4o, depth=2, rules=Yes, strategy=No","google/gemini-2.0-flash-001, depth=2, rules=Yes, strategy=No","x-ai/grok-4.3, depth=2, rules=Yes, strategy=No","mistralai/mistral-nemo, depth=2, rules=Yes, strategy=No",openai/gpt-4o,0,0,1,0,0,0,0,0,,,,,0,0,1,0,0,0,2,0,,,,,11,5,8,3,13,9,0,0,,,,,14,9,6,5,12,3,0,0,,,,
